{
  "episode": 29,
  "best_avg10_reward": -8069.106633634542,
  "buffer": 30000,
  "network": {
    "mode": "rainbow",
    "policy_params": 160664,
    "policy_grad_norm": 0.5811899872496724,
    "buffer_size": 30000,
    "buffer_simple": 15000,
    "buffer_complex": 15000,
    "update_count": 56994,
    "avg_loss": 0.4895782017707825,
    "reward_mean_simple": -6.554325481403649,
    "reward_std_simple": 7.648897082782952,
    "reward_mean_complex": -10.926520582864745,
    "reward_std_complex": 5.849187601088984,
    "avg_noisy_sigma": 0.026609679218381643
  },
  "metrics_tail": {
    "last_latency_ms": 301.14537324066555,
    "query": 1000,
    "cumulative_reward": -10479.58302890304,
    "sla_violations": 861,
    "cumulative_cost": 26.554081619443267,
    "replica_count": 12,
    "budget_remaining": 33.44591838055671,
    "reward_wait_time": 0.589207086229202,
    "reward_unutilization": -0.12,
    "reward_queue_penalty": -0.0,
    "reward_invalid_action": 0.0,
    "invalid_action_taken": false,
    "assignment_success": true,
    "replica_changes": 20,
    "action_mask": [
      true,
      false,
      true
    ],
    "dynamic_tsla": 320.0,
    "dynamic_min_popularity": 0.2
  }
}