{
  "episode": 310,
  "best_avg10_reward": -3759.3167194734933,
  "epsilon": 0.7327138758693394,
  "buffer": 50000,
  "network": {
    "policy_params": 9092,
    "policy_grad_norm": 1.3308218717575073,
    "buffer_size": 50000,
    "avg_loss": 0.2238320489600301,
    "reward_mean": -1.4132666402746328,
    "reward_std": 1.3148380156906931
  },
  "metrics_tail": {
    "last_latency_ms": 44.76479185767968,
    "query": 3000,
    "cumulative_reward": -3567.01056565941,
    "sla_violations": 7,
    "cumulative_cost": 45.93324501188688,
    "replica_count": 6,
    "budget_remaining": 14.066754988113125,
    "reward_wait_time": 7.761760407116016,
    "reward_unutilization": -0.30000000000000004,
    "reward_queue_penalty": -0.0,
    "reward_invalid_action": -2.0,
    "invalid_action_taken": true,
    "assignment_success": false,
    "replica_changes": 6,
    "action_mask": [
      true,
      false,
      true
    ]
  }
}