{
  "episode": 93,
  "best_avg10_reward": 3460.55293206469,
  "buffer": 94000,
  "network": {
    "mode": "rainbow",
    "policy_params": 160664,
    "policy_grad_norm": 0.18419388099573553,
    "buffer_size": 94000,
    "update_count": 92499,
    "avg_loss": 0.21766847368329764,
    "reward_mean_simple": 4.076402298991811,
    "reward_std_simple": 2.976914697057995,
    "reward_mean_complex": 2.344608062741943,
    "reward_std_complex": 2.9693885985268595,
    "avg_noisy_sigma": 0.033139477483928204
  },
  "metrics_tail": {
    "last_latency_ms": 165.3962454861368,
    "query": 1000,
    "cumulative_reward": 2553.0245416808766,
    "sla_violations": 154,
    "cumulative_cost": 14.989879803294365,
    "replica_count": 5,
    "budget_remaining": 45.01012019670564,
    "reward_wait_time": 4.092991232637969,
    "reward_unutilization": -0.05,
    "reward_queue_penalty": -0.0,
    "reward_invalid_action": 0.0,
    "invalid_action_taken": false,
    "assignment_success": true,
    "replica_changes": 5,
    "action_mask": [
      true,
      true,
      true
    ],
    "dynamic_tsla": 279.9999999999999,
    "dynamic_min_popularity": 0.10000000000000014
  }
}