{
  "episode": 59,
  "best_avg10_reward": 2522.7562928362613,
  "buffer": 60000,
  "network": {
    "mode": "rainbow",
    "policy_params": 160664,
    "policy_grad_norm": 0.396039797575213,
    "buffer_size": 60000,
    "update_count": 58499,
    "avg_loss": 0.22542762715369463,
    "reward_mean_simple": 3.2478902052097918,
    "reward_std_simple": 2.7748411309834506,
    "reward_mean_complex": 1.3544891037383933,
    "reward_std_complex": 2.679275617017608,
    "avg_noisy_sigma": 0.03453389694914222
  },
  "metrics_tail": {
    "last_latency_ms": 266.25472833386283,
    "query": 1000,
    "cumulative_reward": 1962.1845090913953,
    "sla_violations": 163,
    "cumulative_cost": 15.181835445157278,
    "replica_count": 5,
    "budget_remaining": 44.81816455484266,
    "reward_wait_time": 2.6040353240593648,
    "reward_unutilization": -0.05,
    "reward_queue_penalty": -0.0,
    "reward_invalid_action": 0.0,
    "invalid_action_taken": false,
    "assignment_success": true,
    "replica_changes": 5,
    "action_mask": [
      true,
      true,
      true
    ],
    "dynamic_tsla": 359.99999999999994,
    "dynamic_min_popularity": 0.5000000000000001
  }
}