{
  "episode": 49,
  "best_avg10_reward": 1038.6640454542942,
  "buffer": 50000,
  "network": {
    "mode": "rainbow",
    "policy_params": 160664,
    "policy_grad_norm": 0.5061894613318145,
    "buffer_size": 50000,
    "update_count": 48499,
    "avg_loss": 0.2345197919756174,
    "reward_mean_simple": 2.5302638465788685,
    "reward_std_simple": 5.986747263127605,
    "reward_mean_complex": -2.8880297501741463,
    "reward_std_complex": 5.706521315034466,
    "avg_noisy_sigma": 0.035506607964634895
  },
  "metrics_tail": {
    "last_latency_ms": 314.6454284914684,
    "query": 1000,
    "cumulative_reward": -1358.8916752228945,
    "sla_violations": 422,
    "cumulative_cost": 19.601458013732632,
    "replica_count": 10,
    "budget_remaining": 40.398541986267304,
    "reward_wait_time": 2.1338642877132896,
    "reward_unutilization": -0.1,
    "reward_queue_penalty": -0.0,
    "reward_invalid_action": 0.0,
    "invalid_action_taken": false,
    "assignment_success": true,
    "replica_changes": 14,
    "action_mask": [
      true,
      true,
      true
    ],
    "dynamic_tsla": 400.0,
    "dynamic_min_popularity": 1.0
  }
}