{
  "episode": 26,
  "best_avg10_reward": 4323.5254951028455,
  "buffer": 27000,
  "network": {
    "mode": "rainbow",
    "policy_params": 160664,
    "policy_grad_norm": 0.2669735967647284,
    "buffer_size": 27000,
    "update_count": 25499,
    "avg_loss": 0.4198867833614349,
    "reward_mean_simple": 5.0213114349945815,
    "reward_std_simple": 3.5390242526844995,
    "reward_mean_complex": 3.5695630740268642,
    "reward_std_complex": 3.541591465412132,
    "avg_noisy_sigma": 0.047572252340614796
  },
  "metrics_tail": {
    "last_latency_ms": 60.93417343144818,
    "query": 1000,
    "cumulative_reward": 5049.320602705072,
    "sla_violations": 175,
    "cumulative_cost": 4.872763595432887,
    "replica_count": 2,
    "budget_remaining": 55.127236404567206,
    "reward_wait_time": 6.953291328427591,
    "reward_unutilization": -0.02,
    "reward_queue_penalty": -0.0,
    "reward_invalid_action": 0.0,
    "invalid_action_taken": false,
    "assignment_success": true,
    "replica_changes": 2,
    "action_mask": [
      true,
      true,
      true
    ],
    "dynamic_tsla": 200.0,
    "dynamic_min_popularity": 1.0,
    "replication_state": "BALANCED"
  }
}