{
  "episode": 1467,
  "best_avg10_reward": 4667.235927110105,
  "buffer": 100000,
  "network": {
    "mode": "rainbow",
    "policy_params": 77592,
    "policy_grad_norm": 0.27790303743677214,
    "buffer_size": 100000,
    "buffer_simple": 50000,
    "buffer_complex": 50000,
    "update_count": 5945988,
    "avg_loss": 0.42736095741391184,
    "reward_mean_simple": -2.5578568529366654,
    "reward_std_simple": 9.948869945996941,
    "reward_mean_complex": 1.1794129818203372,
    "reward_std_complex": 7.238962216751452,
    "avg_noisy_sigma": 0.00014530380485666683
  },
  "metrics_tail": {
    "last_latency_ms": 229.98869527683348,
    "query": 1000,
    "cumulative_reward": 2536.3540709900317,
    "sla_violations": 84,
    "cumulative_cost": 15.344712943479317,
    "replica_count": 6,
    "budget_remaining": 44.65528705652066,
    "reward_wait_time": 10.0,
    "reward_unutilization": -0.06,
    "reward_queue_penalty": -0.0,
    "reward_invalid_action": 0.0,
    "invalid_action_taken": false,
    "assignment_success": true,
    "replica_changes": 6,
    "action_mask": [
      true,
      true,
      true
    ],
    "dynamic_tsla": 340.0,
    "dynamic_min_popularity": 0.2
  }
}