{
  "episode": 29,
  "best_avg10_reward": 6387.001798291187,
  "buffer": 30000,
  "network": {
    "mode": "rainbow",
    "policy_params": 77208,
    "policy_grad_norm": 1.1860344158485532,
    "buffer_size": 30000,
    "update_count": 28499,
    "avg_loss": 0.23007687009871006,
    "reward_mean": 6.058300140584947,
    "reward_std": 2.225480647016329,
    "avg_noisy_sigma": 0.05797322187572718
  },
  "metrics_tail": {
    "last_latency_ms": 63.20641433708656,
    "query": 1000,
    "cumulative_reward": 6399.442816721808,
    "sla_violations": 45,
    "cumulative_cost": 3.8078177731259206,
    "replica_count": 2,
    "budget_remaining": 56.19218222687413,
    "reward_wait_time": 6.8396792831456725,
    "reward_unutilization": -0.02,
    "reward_queue_penalty": -0.0,
    "reward_invalid_action": 0.0,
    "invalid_action_taken": false,
    "assignment_success": true,
    "replica_changes": 2,
    "action_mask": [
      true,
      true,
      true
    ]
  }
}