{
  "episode": 1243,
  "best_avg10_reward": 5783.016703378776,
  "buffer": 100000,
  "network": {
    "mode": "rainbow",
    "policy_params": 160664,
    "policy_grad_norm": 0.24750340008176863,
    "buffer_size": 100000,
    "update_count": 1242499,
    "avg_loss": 0.10274965304881334,
    "reward_mean_simple": 6.3118288159657405,
    "reward_std_simple": 2.1831560729479316,
    "reward_mean_complex": 4.04088220040016,
    "reward_std_complex": 2.553370992632629,
    "avg_noisy_sigma": 0.0011309719120617956
  },
  "metrics_tail": {
    "last_latency_ms": 138.9050844388212,
    "query": 1000,
    "cumulative_reward": 5166.447611630824,
    "sla_violations": 58,
    "cumulative_cost": 13.05533009677212,
    "replica_count": 12,
    "budget_remaining": 46.944669903227904,
    "reward_wait_time": 6.52737288902947,
    "reward_unutilization": -0.12,
    "reward_queue_penalty": -0.0,
    "reward_invalid_action": 0.0,
    "invalid_action_taken": false,
    "assignment_success": true,
    "replica_changes": 12,
    "action_mask": [
      true,
      false,
      true
    ],
    "dynamic_tsla": 400.0,
    "dynamic_min_popularity": 1.0
  }
}