{
  "episode": 29,
  "best_avg10_reward": -4828.812009247671,
  "buffer": 30000,
  "network": {
    "mode": "rainbow",
    "policy_params": 160664,
    "policy_grad_norm": 0.34309742564801127,
    "buffer_size": 30000,
    "update_count": 28497,
    "avg_loss": 0.40626759324222805,
    "reward_mean_simple": -4.989353346299633,
    "reward_std_simple": 6.573523972402747,
    "reward_mean_complex": -7.960600551079044,
    "reward_std_complex": 6.666861593897423,
    "avg_noisy_sigma": 0.04956303257495165
  },
  "metrics_tail": {
    "last_latency_ms": 438.9298038166535,
    "query": 1000,
    "cumulative_reward": -5886.828984701405,
    "sla_violations": 990,
    "cumulative_cost": 29.5229425608434,
    "replica_count": 3,
    "budget_remaining": 30.47705743915661,
    "reward_wait_time": 0.0,
    "reward_unutilization": -0.03,
    "reward_queue_penalty": -7.433112738540841,
    "reward_invalid_action": 0.0,
    "invalid_action_taken": false,
    "assignment_success": true,
    "replica_changes": 3,
    "action_mask": [
      true,
      true,
      true
    ],
    "dynamic_tsla": 320.0,
    "dynamic_min_popularity": 1.0
  }
}