{
  "episode": 19,
  "best_avg10_reward": 5634.515793833691,
  "epsilon": 0.6676079717550942,
  "states_explored": 243,
  "metrics_tail": {
    "query": 1000,
    "cumulative_reward": 6150.700205591335
  }
}