{
  "episode": 291,
  "best_avg10_reward": 2847.6044034253946,
  "buffer": 100000,
  "network": {
    "mode": "rainbow",
    "policy_params": 160664,
    "policy_grad_norm": 0.9762735136318952,
    "buffer_size": 100000,
    "update_count": 290499,
    "avg_loss": 0.11665506960824132,
    "reward_mean_simple": 3.18367767293343,
    "reward_std_simple": 2.7557277796293875,
    "reward_mean_complex": 1.1123451024900974,
    "reward_std_complex": 2.5585278836089183,
    "avg_noisy_sigma": 0.008031951496377587
  },
  "metrics_tail": {
    "last_latency_ms": 266.13041329231737,
    "query": 1000,
    "cumulative_reward": 1873.9233109058327,
    "sla_violations": 164,
    "cumulative_cost": 15.188489340491202,
    "replica_count": 5,
    "budget_remaining": 44.811510659508826,
    "reward_wait_time": 2.996568071254806,
    "reward_unutilization": -0.05,
    "reward_queue_penalty": -0.0,
    "reward_invalid_action": 0.0,
    "invalid_action_taken": false,
    "assignment_success": true,
    "replica_changes": 5,
    "action_mask": [
      true,
      true,
      true
    ],
    "dynamic_tsla": 380.0,
    "dynamic_min_popularity": 1.0
  }
}