{
  "episode": 10,
  "best_avg10_reward": 4247.892014891241,
  "epsilon": 0.946354579813443,
  "states_explored": 