{
  "episode": 72,
  "best_avg10_reward": -14839.244427916321,
  "epsilon": 0.98613,
  "states_explored": 243,
  "metrics_tail": {
    "last_latency_ms": 44.71760665170625,
    "query": 3000,
    "cumulative_reward": -14008.837695182323,
    "sla_violations": 20,
    "cumulative_cost": 63.990434996964964,
    "replica_count": 3,
    "budget_remaining": 1936.0095650030296,
    "reward_wait_time": 7.764119667414687,
    "reward_unutilization": -0.15000000000000002,
    "reward_queue_penalty": -0.0,
    "reward_invalid_action": 0.0,
    "invalid_action_taken": false,
    "assignment_success": true,
    "replica_changes": 3,
    "action_mask": [
      true,
      true,
      true
    ]
  }
}