{
  "episode": 29,
  "best_avg10_reward": -4124.251557783611,
  "buffer": 50000,
  "network": {
    "mode": "rainbow",
    "policy_params": 77592,
    "policy_grad_norm": 0.38330229721032083,
    "buffer_size": 50000,
    "buffer_simple": 25000,
    "buffer_complex": 25000,
    "update_count": 193988,
    "avg_loss": 0.39789693400263787,
    "reward_mean_simple": -8.914724287501398,
    "reward_std_simple": 8.693197279608096,
    "reward_mean_complex": -3.2655033765764276,
    "reward_std_complex": 8.307381818745567,
    "avg_noisy_sigma": 0.008824431104585528
  },
  "metrics_tail": {
    "last_latency_ms": 218.88965216024346,
    "query": 1000,
    "cumulative_reward": 158.88567346520574,
    "sla_violations": 43,
    "cumulative_cost": 15.849124418050529,
    "replica_count": 12,
    "budget_remaining": 44.15087558194945,
    "reward_wait_time": 10.0,
    "reward_unutilization": -0.12,
    "reward_queue_penalty": -0.0,
    "reward_invalid_action": 0.0,
    "invalid_action_taken": false,
    "assignment_success": true,
    "replica_changes": 12,
    "action_mask": [
      true,
      false,
      true
    ],
    "dynamic_tsla": 400.0,
    "dynamic_min_popularity": 0.1
  }
}