{
  "episode": 23,
  "best_avg10_reward": 2969.069915647082,
  "buffer": 24000,
  "network": {
    "mode": "rainbow",
    "policy_params": 160664,
    "policy_grad_norm": 1.0796407335437834,
    "buffer_size": 24000,
    "update_count": 22499,
    "avg_loss": 0.3516086782515049,
    "reward_mean_simple": 3.8271525424876724,
    "reward_std_simple": 3.031915572876169,
    "reward_mean_complex": 1.8397986782440683,
    "reward_std_complex": 2.772306748331491,
    "avg_noisy_sigma": 0.048592948354780674
  },
  "metrics_tail": {
    "last_latency_ms": 169.1241735365519,
    "query": 1000,
    "cumulative_reward": 2249.0937791596175,
    "sla_violations": 153,
    "cumulative_cost": 14.997321803503045,
    "replica_count": 12,
    "budget_remaining": 45.00267819649689,
    "reward_wait_time": 2.953159435977004,
    "reward_unutilization": -0.12,
    "reward_queue_penalty": -0.0,
    "reward_invalid_action": 0.0,
    "invalid_action_taken": false,
    "assignment_success": true,
    "replica_changes": 12,
    "action_mask": [
      true,
      false,
      true
    ],
    "dynamic_tsla": 240.0,
    "dynamic_min_popularity": 0.0
  }
}