{
  "episode": 13,
  "best_avg10_reward": 2473.6485725861457,
  "buffer": 14000,
  "network": {
    "mode": "rainbow",
    "policy_params": 160664,
    "policy_grad_norm": 0.38298858352936804,
    "buffer_size": 14000,
    "update_count": 12499,
    "avg_loss": 0.4428092311322689,
    "reward_mean_simple": 3.478708943190687,
    "reward_std_simple": 2.8625846661898917,
    "reward_mean_complex": 1.5395109999702605,
    "reward_std_complex": 2.5687758698598366,
    "avg_noisy_sigma": 0.04803394619375467
  },
  "metrics_tail": {
    "last_latency_ms": 191.87846464336212,
    "query": 1000,
    "cumulative_reward": 1698.1402095064698,
    "sla_violations": 153,
    "cumulative_cost": 14.979674371778044,
    "replica_count": 8,
    "budget_remaining": 45.02032562822208,
    "reward_wait_time": 3.1471976913084934,
    "reward_unutilization": -0.08,
    "reward_queue_penalty": -0.0,
    "reward_invalid_action": 0.0,
    "invalid_action_taken": false,
    "assignment_success": true,
    "replica_changes": 8,
    "action_mask": [
      true,
      true,
      true
    ],
    "dynamic_tsla": 279.9999999999999,
    "dynamic_min_popularity": 0.0
  }
}