{
  "episode": 28,
  "best_avg10_reward": -5780.5171878538695,
  "buffer": 49000,
  "network": {
    "mode": "rainbow",
    "policy_params": 77592,
    "policy_grad_norm": 0.40601562592200935,
    "buffer_size": 49000,
    "buffer_simple": 25000,
    "buffer_complex": 24000,
    "update_count": 189988,
    "avg_loss": 0.3955027471482754,
    "reward_mean_simple": -2.568541750058969,
    "reward_std_simple": 8.181098133355372,
    "reward_mean_complex": -12.093276426441253,
    "reward_std_complex": 5.891267164717808,
    "avg_noisy_sigma": 0.009425424039363861
  },
  "metrics_tail": {
    "last_latency_ms": 78.32084311660299,
    "query": 1000,
    "cumulative_reward": 2803.510216001701,
    "sla_violations": 56,
    "cumulative_cost": 4.567120965922821,
    "replica_count": 6,
    "budget_remaining": 55.43287903407718,
    "reward_wait_time": 10.0,
    "reward_unutilization": -0.06,
    "reward_queue_penalty": -0.0,
    "reward_invalid_action": 0.0,
    "invalid_action_taken": false,
    "assignment_success": true,
    "replica_changes": 6,
    "action_mask": [
      true,
      false,
      true
    ],
    "dynamic_tsla": 160.0,
    "dynamic_min_popularity": 1.0
  }
}