{
  "episode": 49,
  "best_avg10_reward": -4498.821647403028,
  "epsilon": 0.951229424500715,
  "buffer": 50000,
  "network": {
    "policy_params": 9092,
    "policy_grad_norm": 2.410091216675937,
    "buffer_size": 50000,
    "avg_loss": 0.10224823629949242,
    "reward_mean": -1.5310202224788811,
    "reward_std": 1.342604444573507
  },
  "metrics_tail": {
    "last_latency_ms": 44.740411063751424,
    "query": 3000,
    "cumulative_reward": -4482.4509055263325,
    "sla_violations": 6,
    "cumulative_cost": 45.951061006907956,
    "replica_count": 6,
    "budget_remaining": 14.048938993091914,
    "reward_wait_time": 7.762979446812429,
    "reward_unutilization": -0.30000000000000004,
    "reward_queue_penalty": -0.0,
    "reward_invalid_action": 0.0,
    "invalid_action_taken": false,
    "assignment_success": true,
    "replica_changes": 6,
    "action_mask": [
      true,
      false,
      true
    ]
  }
}