{
  "episode": 1316,
  "best_avg10_reward": 284.64903182006026,
  "epsilon": 0.74977,
  "states_explored": 1458,
  "metrics_tail": {
    "last_latency_ms": 158.62037049344178,
    "query": 1000,
    "cumulative_reward": -2968.4284171275094,
    "sla_violations": 243,
    "cumulative_cost": 6.803925574359769,
    "replica_count": 6,
    "budget_remaining": 53.196074425640234,
    "reward_wait_time": 6.896604917759705,
    "reward_unutilization": -0.06,
    "reward_queue_penalty": -0.0,
    "reward_invalid_action": 0.0,
    "invalid_action_taken": false,
    "assignment_success": true,
    "replica_changes": 10,
    "action_mask": [
      true,
      false,
      true
    ],
    "dynamic_tsla": 200.0,
    "dynamic_min_popularity": 0.6000000000000001
  }
}