{
  "episode": 994,
  "best_avg10_reward": -4238.420720379651,
  "epsilon": 0.8109500000000001,
  "states_explored": 243,
  "metrics_tail": {
    "last_latency_ms": 44.662719202252354,
    "query": 3000,
    "cumulative_reward": -4266.688707572461,
    "sla_violations": 5,
    "cumulative_cost": 45.95867850053971,
    "replica_count": 6,
    "budget_remaining": 14.041321499460315,
    "reward_wait_time": 7.766864039887382,
    "reward_unutilization": -0.30000000000000004,
    "reward_queue_penalty": -0.0,
    "reward_invalid_action": 0.0,
    "invalid_action_taken": false,
    "assignment_success": true,
    "replica_changes": 6,
    "action_mask": [
      true,
      false,
      true
    ]
  }
}