{
  "episode": 28,
  "best_avg10_reward": -4017.542433725972,
  "buffer": 41000,
  "network": {
    "mode": "rainbow",
    "policy_params": 77592,
    "policy_grad_norm": 0.812171805613616,
    "buffer_size": 41000,
    "buffer_simple": 21000,
    "buffer_complex": 20000,
    "update_count": 157988,
    "avg_loss": 0.4751099044829607,
    "reward_mean_simple": -1.0315420632159684,
    "reward_std_simple": 9.506483932672262,
    "reward_mean_complex": -8.602747410140472,
    "reward_std_complex": 6.582992411425453,
    "avg_noisy_sigma": 0.012911431258544326
  },
  "metrics_tail": {
    "last_latency_ms": 75.30151193203373,
    "query": 1000,
    "cumulative_reward": 1953.738296867533,
    "sla_violations": 271,
    "cumulative_cost": 5.719364777785275,
    "replica_count": 6,
    "budget_remaining": 54.280635222214826,
    "reward_wait_time": 10.0,
    "reward_unutilization": -0.06,
    "reward_queue_penalty": -0.0,
    "reward_invalid_action": 0.0,
    "invalid_action_taken": false,
    "assignment_success": true,
    "replica_changes": 6,
    "action_mask": [
      true,
      false,
      true
    ],
    "dynamic_tsla": 140.0,
    "dynamic_min_popularity": 1.0
  }
}