{
  "episode": 27,
  "best_avg10_reward": 2468.654702474307,
  "buffer": 28000,
  "network": {
    "mode": "rainbow",
    "policy_params": 160664,
    "policy_grad_norm": 0.5704429573379457,
    "buffer_size": 28000,
    "update_count": 26499,
    "avg_loss": 0.5453012771904469,
    "reward_mean_simple": 4.803985771226667,
    "reward_std_simple": 3.867854719047059,
    "reward_mean_complex": -1.828259374389979,
    "reward_std_complex": 4.0015707029255445,
    "avg_noisy_sigma": 0.045970517210662365
  },
  "metrics_tail": {
    "last_latency_ms": 223.28622456742576,
    "query": 1000,
    "cumulative_reward": -511.8943883734404,
    "sla_violations": 344,
    "cumulative_cost": 18.068173319085066,
    "replica_count": 12,
    "budget_remaining": 41.931826680914966,
    "reward_wait_time": 4.124046721909849,
    "reward_unutilization": -0.12,
    "reward_queue_penalty": -0.0,
    "reward_invalid_action": 0.0,
    "invalid_action_taken": false,
    "assignment_success": true,
    "replica_changes": 20,
    "action_mask": [
      true,
      false,
      true
    ],
    "dynamic_tsla": 380.0,
    "dynamic_min_popularity": 0.9
  }
}