{
  "episode": 28,
  "best_avg10_reward": 2958.859705287646,
  "buffer": 29000,
  "network": {
    "mode": "rainbow",
    "policy_params": 160664,
    "policy_grad_norm": 0.5690312699880451,
    "buffer_size": 29000,
    "update_count": 27499,
    "avg_loss": 0.29517678305506706,
    "reward_mean_simple": 3.3291770600017316,
    "reward_std_simple": 3.0394472210685723,
    "reward_mean_complex": 1.511469848056638,
    "reward_std_complex": 2.747119243707459,
    "avg_noisy_sigma": 0.046487538143992424
  },
  "metrics_tail": {
    "last_latency_ms": 65.17865525166563,
    "query": 1000,
    "cumulative_reward": 3954.69660184826,
    "sla_violations": 137,
    "cumulative_cost": 4.560169950668766,
    "replica_count": 6,
    "budget_remaining": 55.43983004933118,
    "reward_wait_time": 4.56844539569453,
    "reward_unutilization": -0.06,
    "reward_queue_penalty": -0.0,
    "reward_invalid_action": 0.0,
    "invalid_action_taken": false,
    "assignment_success": true,
    "replica_changes": 6,
    "action_mask": [
      true,
      false,
      true
    ],
    "dynamic_tsla": 120.0,
    "dynamic_min_popularity": 0.0
  }
}