{
  "episode": 33,
  "best_avg10_reward": 2480.6592626346533,
  "buffer": 54000,
  "network": {
    "mode": "rainbow",
    "policy_params": 77592,
    "policy_grad_norm": 0.5302274888963439,
    "buffer_size": 54000,
    "buffer_simple": 27000,
    "buffer_complex": 27000,
    "update_count": 209988,
    "avg_loss": 0.7209274369478226,
    "reward_mean_simple": 0.02238767808554645,
    "reward_std_simple": 9.86851651630528,
    "reward_mean_complex": 2.0555782954866237,
    "reward_std_complex": 6.979148466666265,
    "avg_noisy_sigma": 0.00185612533823587
  },
  "metrics_tail": {
    "last_latency_ms": 208.19205267227224,
    "query": 1000,
    "cumulative_reward": 4334.365760545076,
    "sla_violations": 42,
    "cumulative_cost": 15.122096634783833,
    "replica_count": 7,
    "budget_remaining": 44.87790336521616,
    "reward_wait_time": 10.0,
    "reward_unutilization": -0.07,
    "reward_queue_penalty": -0.0,
    "reward_invalid_action": 0.0,
    "invalid_action_taken": false,
    "assignment_success": true,
    "replica_changes": 7,
    "action_mask": [
      true,
      true,
      true
    ],
    "dynamic_tsla": 340.0,
    "dynamic_min_popularity": 0.9
  }
}