{
  "episode": 19,
  "best_avg10_reward": 5684.502853343359,
  "epsilon": 0.6676079717550942,
  "states_explored": 243,
  "metrics_tail": {
    "query": 1000,
    "cumulative_reward": 6072.636535560471
  }
}