{
  "episode": 33,
  "best_avg10_reward": 1463.6996403183682,
  "buffer": 54000,
  "network": {
    "mode": "rainbow",
    "policy_params": 77592,
    "policy_grad_norm": 1.0593621071893722,
    "buffer_size": 54000,
    "buffer_simple": 27000,
    "buffer_complex": 27000,
    "update_count": 209988,
    "avg_loss": 0.73712112814188,
    "reward_mean_simple": -2.8186209837336134,
    "reward_std_simple": 12.926859220380504,
    "reward_mean_complex": -0.34145294748729077,
    "reward_std_complex": 8.443317050162817,
    "avg_noisy_sigma": 0.0022093996522016823
  },
  "metrics_tail": {
    "last_latency_ms": 138.19205267227906,
    "query": 1000,
    "cumulative_reward": 3856.605623522535,
    "sla_violations": 51,
    "cumulative_cost": 15.290396634783836,
    "replica_count": 12,
    "budget_remaining": 44.709603365216154,
    "reward_wait_time": 10.0,
    "reward_unutilization": -0.12,
    "reward_queue_penalty": -0.0,
    "reward_invalid_action": 0.0,
    "invalid_action_taken": false,
    "assignment_success": true,
    "replica_changes": 12,
    "action_mask": [
      true,
      false,
      true
    ],
    "dynamic_tsla": 380.0,
    "dynamic_min_popularity": 0.4
  }
}