{
  "episode": 19,
  "best_avg10_reward": 4239.93570952833,
  "epsilon": 0.9801986733067557,
  "buffer": 20000,
  "network": {
    "policy_params": 9092,
    "policy_grad_norm": 1.8989448994834675,
    "buffer_size": 20000,
    "avg_loss": 11.532762787342072
  },
  "metrics_tail": {
    "query": 1000,
    "cumulative_reward": 4021.6016261794844
  }
}