{
  "episode": 1491,
  "best_avg10_reward": -3990.8878982044544,
  "epsilon": 0.71652,
  "states_explored": 243,
  "metrics_tail": {
    "last_latency_ms": 44.6668391258665,
    "query": 3000,
    "cumulative_reward": -3707.3814669204125,
    "sla_violations": 9,
    "cumulative_cost": 45.93902758654125,
    "replica_count": 6,
    "budget_remaining": 14.060972413458684,
    "reward_wait_time": 7.766658043706674,
    "reward_unutilization": -0.30000000000000004,
    "reward_queue_penalty": -0.0,
    "reward_invalid_action": 0.0,
    "invalid_action_taken": false,
    "assignment_success": true,
    "replica_changes": 6,
    "action_mask": [
      true,
      false,
      true
    ]
  }
}