{
  "episode": 15,
  "best_avg10_reward": 9217.89074195484,
  "epsilon": 0.9841273200552854,
  "buffer": 16000,
  "network": {
    "policy_params": 9092,
    "policy_grad_norm": 1.7756441552992328,
    "buffer_size": 16000,
    "avg_loss": 9.465459754168988
  },
  "metrics_tail": {
    "query": 1000,
    "cumulative_reward": 9229.872688016356
  }
}