{
  "episode": 24,
  "best_avg10_reward": -4603.866331880173,
  "epsilon": 0.99525,
  "states_explored": 243,
  "metrics_tail": {
    "last_latency_ms": 44.910636085866784,
    "query": 3000,
    "cumulative_reward": -4681.673496052357,
    "sla_violations": 8,
    "cumulative_cost": 45.94868482990318,
    "replica_count": 6,
    "budget_remaining": 14.05131517009683,
    "reward_wait_time": 7.754468195706661,
    "reward_unutilization": -0.30000000000000004,
    "reward_queue_penalty": -0.0,
    "reward_invalid_action": 0.0,
    "invalid_action_taken": false,
    "assignment_success": true,
    "replica_changes": 6,
    "action_mask": [
      true,
      false,
      true
    ]
  }
}