{
  "episode": 99,
  "best_avg10_reward": -13581.530061997857,
  "epsilon": 0.9048374180359623,
  "buffer": 50000,
  "network": {
    "policy_params": 9092,
    "policy_grad_norm": 1.1000416111201048,
    "buffer_size": 50000,
    "avg_loss": 0.4267082045227289,
    "reward_mean": -4.795728950273522,
    "reward_std": 3.566184359895882
  },
  "metrics_tail": {
    "last_latency_ms": 44.73764053519626,
    "query": 3000,
    "cumulative_reward": -12716.466752863338,
    "sla_violations": 21,
    "cumulative_cost": 63.985812731649276,
    "replica_count": 3,
    "budget_remaining": 1936.0141872683466,
    "reward_wait_time": 7.7631179732401865,
    "reward_unutilization": -0.15000000000000002,
    "reward_queue_penalty": -0.0,
    "reward_invalid_action": 0.0,
    "invalid_action_taken": false,
    "assignment_success": true,
    "replica_changes": 3,
    "action_mask": [
      true,
      true,
      true
    ]
  }
}