{
  "episode": 1093,
  "best_avg10_reward": -4168.990124034598,
  "epsilon": 0.7921400000000001,
  "states_explored": 243,
  "metrics_tail": {
    "last_latency_ms": 44.71841752077361,
    "query": 3000,
    "cumulative_reward": -4252.9691056497495,
    "sla_violations": 5,
    "cumulative_cost": 45.96028924258916,
    "replica_count": 6,
    "budget_remaining": 14.039710757410893,
    "reward_wait_time": 7.764079123961319,
    "reward_unutilization": -0.30000000000000004,
    "reward_queue_penalty": -0.0,
    "reward_invalid_action": 0.0,
    "invalid_action_taken": false,
    "assignment_success": true,
    "replica_changes": 6,
    "action_mask": [
      true,
      false,
      true
    ]
  }
}