{
  "episode": 1497,
  "best_avg10_reward": -2118.48748516905,
  "epsilon": 0.22357686702671256,
  "buffer": 50000,
  "network": {
    "policy_params": 9092,
    "policy_grad_norm": 1.6485774284228683,
    "buffer_size": 50000,
    "avg_loss": 0.10049916527699679,
    "reward_mean": -1.0435645680460897,
    "reward_std": 1.1351017024025438
  },
  "metrics_tail": {
    "last_latency_ms": 44.82448868310365,
    "query": 3000,
    "cumulative_reward": -2215.258502344204,
    "sla_violations": 4,
    "cumulative_cost": 45.94031046092904,
    "replica_count": 6,
    "budget_remaining": 14.059689539071002,
    "reward_wait_time": 7.758775565844818,
    "reward_unutilization": -0.30000000000000004,
    "reward_queue_penalty": -0.0,
    "reward_invalid_action": 0.0,
    "invalid_action_taken": false,
    "assignment_success": true,
    "replica_changes": 6,
    "action_mask": [
      true,
      false,
      true
    ]
  }
}