episode,reward,avg10,buffer,avg_noisy_sigma,sla_violations,cumulative_cost,replica_count,budget_remaining,reward_wait_time,reward_unutilization,reward_queue_penalty,reward_invalid_action,avg_loss,dynamic_tsla,dynamic_min_popularity,replication_state
0,-714.0643971519038,-714.0643971519038,50,0.06935121864080429,50,0.5187377810483319,1,59.48126221895168,0.0,-0.01,-11.707834719364229,0.0,0.0,120.0,0.15,AGGRESSIVE
1,-745.9408545286186,-730.0026258402612,100,0.06935121864080429,50,0.5674051646984029,1,59.43259483530159,0.0,-0.01,-13.097019180502535,0.0,0.0,120.0,0.15,AGGRESSIVE
2,-704.9066951262597,-721.6373156022606,150,0.06935121864080429,50,0.5011427035317804,1,59.49885729646821,0.0,-0.01,-10.656179926606185,0.0,0.0,120.0,0.15,AGGRESSIVE
3,-748.1066261016193,-728.2546432271004,200,0.06935121864080429,50,0.5658303973768032,1,59.43416960262321,0.0,-0.01,-13.585316898070467,0.0,0.0,120.0,0.15,AGGRESSIVE
4,-752.9154814396727,-733.1868108696148,250,0.06935121864080429,50,0.5702719361758485,0,59.42972806382415,0.0,-0.0,-11.344477611391559,0.0,0.0,120.0,0.15,AGGRESSIVE
