{
  "episode": 33,
  "best_avg10_reward": 2078.094107034538,
  "buffer": 54000,
  "network": {
    "mode": "rainbow",
    "policy_params": 77592,
    "policy_grad_norm": 0.6951625188812613,
    "buffer_size": 54000,
    "buffer_simple": 27000,
    "buffer_complex": 27000,
    "update_count": 209988,
    "avg_loss": 0.7591017478704453,
    "reward_mean_simple": -0.3277500590563396,
    "reward_std_simple": 9.9947894220494,
    "reward_mean_complex": -0.9049637729898542,
    "reward_std_complex": 9.66594010902718,
    "avg_noisy_sigma": 0.0018778715166263282
  },
  "metrics_tail": {
    "last_latency_ms": 138.19205267227906,
    "query": 1000,
    "cumulative_reward": 4063.3247583961706,
    "sla_violations": 51,
    "cumulative_cost": 15.871796634783836,
    "replica_count": 12,
    "budget_remaining": 44.12820336521617,
    "reward_wait_time": 10.0,
    "reward_unutilization": -0.12,
    "reward_queue_penalty": -0.0,
    "reward_invalid_action": 0.0,
    "invalid_action_taken": false,
    "assignment_success": true,
    "replica_changes": 12,
    "action_mask": [
      true,
      false,
      true
    ],
    "dynamic_tsla": 280.0,
    "dynamic_min_popularity": 0.6000000000000001
  }
}