{
  "episode": 169,
  "best_avg10_reward": 1654.21520024003,
  "buffer": 100000,
  "network": {
    "mode": "rainbow",
    "policy_params": 160664,
    "policy_grad_norm": 2.476257050409913,
    "buffer_size": 100000,
    "update_count": 168499,
    "avg_loss": 0.16163968028500675,
    "reward_mean_simple": 2.8583461608819474,
    "reward_std_simple": 4.972257966097824,
    "reward_mean_complex": -1.9825157198534304,
    "reward_std_complex": 3.9169595516510647,
    "avg_noisy_sigma": 0.022788064554333687
  },
  "metrics_tail": {
    "last_latency_ms": 439.92060881396776,
    "query": 1000,
    "cumulative_reward": -946.7294741848574,
    "sla_violations": 526,
    "cumulative_cost": 20.806606476777784,
    "replica_count": 12,
    "budget_remaining": 39.193393523222284,
    "reward_wait_time": 0.0,
    "reward_unutilization": -0.12,
    "reward_queue_penalty": -1.9960304406983864,
    "reward_invalid_action": 0.0,
    "invalid_action_taken": false,
    "assignment_success": true,
    "replica_changes": 12,
    "action_mask": [
      true,
      false,
      true
    ],
    "dynamic_tsla": 400.0,
    "dynamic_min_popularity": 1.0
  }
}