{
  "episode": 10,
  "best_avg10_reward": 2506.9026013103385,
  "buffer": 11000,
  "network": {
    "mode": "rainbow",
    "policy_params": 160664,
    "policy_grad_norm": 1.156069504097104,
    "buffer_size": 11000,
    "update_count": 9499,
    "avg_loss": 0.5093843924999237,
    "reward_mean_simple": 3.6847729344112383,
    "reward_std_simple": 2.792241137153918,
    "reward_mean_complex": 1.432088102518143,
    "reward_std_complex": 2.6400925970622215,
    "avg_noisy_sigma": 0.04978596977889538
  },
  "metrics_tail": {
    "last_latency_ms": 62.76173729625405,
    "query": 1000,
    "cumulative_reward": 3764.5042340460313,
    "sla_violations": 142,
    "cumulative_cost": 4.54623412135155,
    "replica_count": 4,
    "budget_remaining": 55.453765878648426,
    "reward_wait_time": 4.769855225312163,
    "reward_unutilization": -0.04,
    "reward_queue_penalty": -0.0,
    "reward_invalid_action": 0.0,
    "invalid_action_taken": false,
    "assignment_success": true,
    "replica_changes": 4,
    "action_mask": [
      true,
      true,
      true
    ],
    "dynamic_tsla": 120.0,
    "dynamic_min_popularity": 0.0
  }
}