{
  "episode": 29,
  "best_avg10_reward": -1642.2146579405285,
  "buffer": 30000,
  "network": {
    "mode": "rainbow",
    "policy_params": 160664,
    "policy_grad_norm": 0.11002907812508056,
    "buffer_size": 30000,
    "update_count": 28497,
    "avg_loss": 0.39832366779446604,
    "reward_mean_simple": -1.7743846946683497,
    "reward_std_simple": 6.764362090513685,
    "reward_mean_complex": -5.058469164154086,
    "reward_std_complex": 6.319103864636641,
    "avg_noisy_sigma": 0.04849443770945072
  },
  "metrics_tail": {
    "last_latency_ms": 423.7298038166605,
    "query": 1000,
    "cumulative_reward": -3638.901413971213,
    "sla_violations": 489,
    "cumulative_cost": 20.406842560843447,
    "replica_count": 12,
    "budget_remaining": 39.59315743915661,
    "reward_wait_time": 0.0,
    "reward_unutilization": -0.12,
    "reward_queue_penalty": -6.483112738541279,
    "reward_invalid_action": 0.0,
    "invalid_action_taken": false,
    "assignment_success": true,
    "replica_changes": 14,
    "action_mask": [
      true,
      false,
      true
    ],
    "dynamic_tsla": 320.0,
    "dynamic_min_popularity": 1.0
  }
}