{
  "episode": 48,
  "best_avg10_reward": 9218.044767540488,
  "epsilon": 0.9521811296985059,
  "buffer": 49000,
  "network": {
    "policy_params": 9092,
    "policy_grad_norm": 1.9078229470508177,
    "buffer_size": 49000,
    "avg_loss": 9.344099253714084
  },
  "metrics_tail": {
    "query": 1000,
    "cumulative_reward": 9229.588205869368
  }
}