{
  "episode": 21,
  "best_avg10_reward": 9215.46831290403,
  "epsilon": 0.9782402350512105,
  "buffer": 22000,
  "network": {
    "policy_params": 9092,
    "policy_grad_norm": 1.8446127764564153,
    "buffer_size": 22000,
    "avg_loss": 11.466060257554055
  },
  "metrics_tail": {
    "query": 1000,
    "cumulative_reward": 9229.725681935064
  }
}