{
  "episode": 15,
  "best_avg10_reward": 5655.389195029845,
  "buffer": 16000,
  "network": {
    "mode": "rainbow",
    "policy_params": 160664,
    "policy_grad_norm": 0.855076439678669,
    "buffer_size": 16000,
    "update_count": 14499,
    "avg_loss": 0.32318317994475365,
    "reward_mean_simple": 6.064466536414883,
    "reward_std_simple": 2.3026639697288482,
    "reward_mean_complex": 4.584438383474211,
    "reward_std_complex": 2.285860486722097,
    "avg_noisy_sigma": 0.048309409990906715
  },
  "metrics_tail": {
    "last_latency_ms": 175.06355710497925,
    "query": 1000,
    "cumulative_reward": 4954.28332341267,
    "sla_violations": 63,
    "cumulative_cost": 13.240906644957908,
    "replica_count": 5,
    "budget_remaining": 46.7590933550421,
    "reward_wait_time": 5.62341107237552,
    "reward_unutilization": -0.05,
    "reward_queue_penalty": -0.0,
    "reward_invalid_action": 0.0,
    "invalid_action_taken": false,
    "assignment_success": true,
    "replica_changes": 5,
    "action_mask": [
      true,
      true,
      true
    ],
    "dynamic_tsla": 400.0,
    "dynamic_min_popularity": 0.3,
    "replication_state": "BALANCED"
  }
}