{
  "episode": 15,
  "best_avg10_reward": 1706.595635767341,
  "epsilon": 0.99696,
  "states_explored": 243,
  "metrics_tail": {
    "query": 1000,
    "cumulative_reward": 1689.7363594313879
  }
}