{
  "episode": 29,
  "best_avg10_reward": 2311.567907936987,
  "buffer": 30000,
  "network": {
    "mode": "rainbow",
    "policy_params": 160664,
    "policy_grad_norm": 0.6645135385915637,
    "buffer_size": 30000,
    "update_count": 28499,
    "avg_loss": 0.6115953823924065,
    "reward_mean_simple": 4.317213886127047,
    "reward_std_simple": 4.26517209482433,
    "reward_mean_complex": -1.5963186830138705,
    "reward_std_complex": 4.542232029768301,
    "avg_noisy_sigma": 0.04670992773026228
  },
  "metrics_tail": {
    "last_latency_ms": 321.11652191999787,
    "query": 1000,
    "cumulative_reward": 376.7376987635768,
    "sla_violations": 263,
    "cumulative_cost": 17.52279256084347,
    "replica_count": 12,
    "budget_remaining": 42.477207439156594,
    "reward_wait_time": 1.972086952000054,
    "reward_unutilization": -0.12,
    "reward_queue_penalty": -0.0,
    "reward_invalid_action": 0.0,
    "invalid_action_taken": false,
    "assignment_success": true,
    "replica_changes": 14,
    "action_mask": [
      true,
      false,
      true
    ],
    "dynamic_tsla": 400.0,
    "dynamic_min_popularity": 1.0
  }
}