{
  "episode": 225,
  "best_avg10_reward": -10954.569891636878,
  "epsilon": 0.79771810166568,
  "buffer": 50000,
  "network": {
    "policy_params": 9092,
    "policy_grad_norm": 2.283277300768532,
    "buffer_size": 50000,
    "avg_loss": 0.5463837592676282,
    "reward_mean": -4.385890106422137,
    "reward_std": 3.774923156212489
  },
  "metrics_tail": {
    "last_latency_ms": 44.81190202704551,
    "query": 3000,
    "cumulative_reward": -10379.894844512597,
    "sla_violations": 24,
    "cumulative_cost": 63.992905832489704,
    "replica_count": 3,
    "budget_remaining": 1936.0070941675135,
    "reward_wait_time": 7.759404898647723,
    "reward_unutilization": -0.15000000000000002,
    "reward_queue_penalty": -0.0,
    "reward_invalid_action": 0.0,
    "invalid_action_taken": false,
    "assignment_success": true,
    "replica_changes": 3,
    "action_mask": [
      true,
      true,
      true
    ]
  }
}