{
  "episode": 74,
  "best_avg10_reward": 5386.8103608478,
  "buffer": 75000,
  "network": {
    "mode": "rainbow",
    "policy_params": 160664,
    "policy_grad_norm": 0.5203491960419342,
    "buffer_size": 75000,
    "update_count": 73499,
    "avg_loss": 0.21405262961983682,
    "reward_mean_simple": 5.461484598586837,
    "reward_std_simple": 2.86571339531726,
    "reward_mean_complex": 4.320317474502338,
    "reward_std_complex": 3.221248076250764,
    "avg_noisy_sigma": 0.03169270418584347
  },
  "metrics_tail": {
    "last_latency_ms": 36.558318809845005,
    "query": 1000,
    "cumulative_reward": 5970.975523275623,
    "sla_violations": 39,
    "cumulative_cost": 3.750310753520068,
    "replica_count": 6,
    "budget_remaining": 56.24968924648002,
    "reward_wait_time": 8.17208405950775,
    "reward_unutilization": -0.06,
    "reward_queue_penalty": -0.0,
    "reward_invalid_action": 0.0,
    "invalid_action_taken": false,
    "assignment_success": true,
    "replica_changes": 6,
    "action_mask": [
      true,
      false,
      true
    ],
    "dynamic_tsla": 200.0,
    "dynamic_min_popularity": 1.0
  }
}