{
  "episode": 14,
  "best_avg10_reward": -7901.249795785936,
  "buffer": 15000,
  "network": {
    "mode": "rainbow",
    "policy_params": 161176,
    "policy_grad_norm": 0.6873841648339294,
    "buffer_size": 15000,
    "buffer_simple": 8000,
    "buffer_complex": 7000,
    "update_count": 26994,
    "avg_loss": 0.6071694192290306,
    "reward_mean_simple": -6.063524180972845,
    "reward_std_simple": 9.022176034766154,
    "reward_mean_complex": -11.858535898060781,
    "reward_std_complex": 8.232998464257795,
    "avg_noisy_sigma": 0.029981730040162802
  },
  "metrics_tail": {
    "last_latency_ms": 68.40404466263492,
    "query": 1000,
    "cumulative_reward": -6456.913808583825,
    "sla_violations": 694,
    "cumulative_cost": 8.59531593307522,
    "replica_count": 6,
    "budget_remaining": 51.40468406692483,
    "reward_wait_time": 10.0,
    "reward_unutilization": -0.06,
    "reward_queue_penalty": -0.0,
    "reward_invalid_action": 0.0,
    "invalid_action_taken": false,
    "assignment_success": true,
    "replica_changes": 6,
    "action_mask": [
      true,
      false,
      true
    ],
    "dynamic_tsla": 160.0,
    "dynamic_min_popularity": 0.1
  }
}