{
  "episode": 72,
  "best_avg10_reward": 5657.455897296576,
  "buffer": 73000,
  "network": {
    "mode": "rainbow",
    "policy_params": 77336,
    "policy_grad_norm": 0.9156118263490498,
    "buffer_size": 73000,
    "update_count": 71499,
    "avg_loss": 0.19403051182627679,
    "reward_mean": 5.486739207775375,
    "reward_std": 2.304339886387998,
    "avg_noisy_sigma": 0.039319961331784725
  },
  "metrics_tail": {
    "last_latency_ms": 63.17296886482502,
    "query": 1000,
    "cumulative_reward": 6376.358038047666,
    "sla_violations": 44,
    "cumulative_cost": 3.8111287074096927,
    "replica_count": 2,
    "budget_remaining": 56.18887129259035,
    "reward_wait_time": 6.841351556758749,
    "reward_unutilization": -0.02,
    "reward_queue_penalty": -0.0,
    "reward_invalid_action": 0.0,
    "invalid_action_taken": false,
    "assignment_success": true,
    "replica_changes": 2,
    "action_mask": [
      true,
      true,
      true
    ],
    "dynamic_tsla": 200.0,
    "dynamic_min_popularity": 0.3,
    "replication_state": "BALANCED"
  }
}