{
  "episode": 36,
  "best_avg10_reward": 5640.043664566466,
  "buffer": 37000,
  "network": {
    "mode": "rainbow",
    "policy_params": 160664,
    "policy_grad_norm": 0.3662228840403259,
    "buffer_size": 37000,
    "update_count": 35499,
    "avg_loss": 0.1792259481176734,
    "reward_mean_simple": 6.202316933137839,
    "reward_std_simple": 2.1910549686199183,
    "reward_mean_complex": 4.856134603287887,
    "reward_std_complex": 2.1834739983755913,
    "avg_noisy_sigma": 0.04356230050325394
  },
  "metrics_tail": {
    "last_latency_ms": 60.113641769020504,
    "query": 1000,
    "cumulative_reward": 6346.093898678808,
    "sla_violations": 54,
    "cumulative_cost": 3.809407101814364,
    "replica_count": 2,
    "budget_remaining": 56.19059289818563,
    "reward_wait_time": 6.9943179115489755,
    "reward_unutilization": -0.02,
    "reward_queue_penalty": -0.0,
    "reward_invalid_action": 0.0,
    "invalid_action_taken": false,
    "assignment_success": true,
    "replica_changes": 2,
    "action_mask": [
      true,
      true,
      true
    ],
    "dynamic_tsla": 200.0,
    "dynamic_min_popularity": 0.3,
    "replication_state": "BALANCED"
  }
}