{
  "episode": 1027,
  "best_avg10_reward": -3146.683912848209,
  "epsilon": 0.8046800000000001,
  "states_explored": 1458,
  "metrics_tail": {
    "last_latency_ms": 270.7684288196732,
    "query": 1000,
    "cumulative_reward": -4184.609107158917,
    "sla_violations": 427,
    "cumulative_cost": 22.654582264946406,
    "replica_count": 12,
    "budget_remaining": 37.3454177350537,
    "reward_wait_time": 3.230789279508169,
    "reward_unutilization": -0.12,
    "reward_queue_penalty": -0.0,
    "reward_invalid_action": 0.0,
    "invalid_action_taken": false,
    "assignment_success": true,
    "replica_changes": 12,
    "action_mask": [
      true,
      false,
      true
    ],
    "dynamic_tsla": 400.0,
    "dynamic_min_popularity": 0.6000000000000001
  }
}