{
  "episode": 27,
  "best_avg10_reward": 2653.243903694097,
  "buffer": 28000,
  "network": {
    "mode": "rainbow",
    "policy_params": 160664,
    "policy_grad_norm": 1.1101493891328573,
    "buffer_size": 28000,
    "update_count": 26499,
    "avg_loss": 0.5554876619577408,
    "reward_mean_simple": 4.628901307185802,
    "reward_std_simple": 4.136972035772264,
    "reward_mean_complex": -1.1745094502465185,
    "reward_std_complex": 4.3410333149117415,
    "avg_noisy_sigma": 0.04534118436276913
  },
  "metrics_tail": {
    "last_latency_ms": 223.28622456742576,
    "query": 1000,
    "cumulative_reward": -255.76245594802128,
    "sla_violations": 360,
    "cumulative_cost": 17.883673319085055,
    "replica_count": 12,
    "budget_remaining": 42.116326680915016,
    "reward_wait_time": 4.417844385814355,
    "reward_unutilization": -0.12,
    "reward_queue_penalty": -0.0,
    "reward_invalid_action": 0.0,
    "invalid_action_taken": false,
    "assignment_success": true,
    "replica_changes": 12,
    "action_mask": [
      true,
      false,
      true
    ],
    "dynamic_tsla": 400.0,
    "dynamic_min_popularity": 0.8
  }
}