{
  "episode": 10,
  "best_avg10_reward": -4681.856508716608,
  "epsilon": 0.99791,
  "states_explored": 243,
  "metrics_tail": {
    "last_latency_ms": 44.63508835750077,
    "query": 3000,
    "cumulative_reward": -4754.285082039261,
    "sla_violations": 10,
    "cumulative_cost": 45.93872189125451,
    "replica_count": 6,
    "budget_remaining": 14.06127810874537,
    "reward_wait_time": 7.768245582124962,
    "reward_unutilization": -0.30000000000000004,
    "reward_queue_penalty": -0.0,
    "reward_invalid_action": -2.0,
    "invalid_action_taken": true,
    "assignment_success": false,
    "replica_changes": 6,
    "action_mask": [
      true,
      false,
      true
    ]
  }
}