{
  "episode": 29,
  "best_avg10_reward": -689.5344020236076,
  "buffer": 30000,
  "network": {
    "mode": "rainbow",
    "policy_params": 160664,
    "policy_grad_norm": 0.21369158137531485,
    "buffer_size": 30000,
    "update_count": 28497,
    "avg_loss": 0.4565573246032,
    "reward_mean_simple": -0.1240276405791778,
    "reward_std_simple": 7.022179343594702,
    "reward_mean_complex": -4.483195976838491,
    "reward_std_complex": 6.700035319075295,
    "avg_noisy_sigma": 0.049632519483566284
  },
  "metrics_tail": {
    "last_latency_ms": 408.4600443171603,
    "query": 1000,
    "cumulative_reward": -3545.7617026202984,
    "sla_violations": 417,
    "cumulative_cost": 19.563092560843476,
    "replica_count": 12,
    "budget_remaining": 40.436907439156535,
    "reward_wait_time": 0.0,
    "reward_unutilization": -0.12,
    "reward_queue_penalty": -5.528752769822516,
    "reward_invalid_action": 0.0,
    "invalid_action_taken": false,
    "assignment_success": true,
    "replica_changes": 12,
    "action_mask": [
      true,
      false,
      true
    ],
    "dynamic_tsla": 320.0,
    "dynamic_min_popularity": 1.0
  }
}