{
  "episode": 28,
  "best_avg10_reward": 4678.404113944059,
  "buffer": 29000,
  "network": {
    "mode": "rainbow",
    "policy_params": 160664,
    "policy_grad_norm": 0.5192192168906331,
    "buffer_size": 29000,
    "update_count": 27499,
    "avg_loss": 0.22470443081110716,
    "reward_mean_simple": 4.578313063576948,
    "reward_std_simple": 3.658319911040882,
    "reward_mean_complex": 3.066948487913897,
    "reward_std_complex": 3.77900655494704,
    "avg_noisy_sigma": 0.046253226697444916
  },
  "metrics_tail": {
    "last_latency_ms": 66.77865525166901,
    "query": 1000,
    "cumulative_reward": 5947.918179057005,
    "sla_violations": 38,
    "cumulative_cost": 3.736669950668767,
    "replica_count": 3,
    "budget_remaining": 56.2633300493312,
    "reward_wait_time": 6.66106723741655,
    "reward_unutilization": -0.03,
    "reward_queue_penalty": -0.0,
    "reward_invalid_action": 0.0,
    "invalid_action_taken": false,
    "assignment_success": true,
    "replica_changes": 3,
    "action_mask": [
      true,
      true,
      true
    ],
    "dynamic_tsla": 200.0,
    "dynamic_min_popularity": 1.0
  }
}