{
  "episode": 32,
  "best_avg10_reward": 2491.4129470912,
  "buffer": 53000,
  "network": {
    "mode": "rainbow",
    "policy_params": 77592,
    "policy_grad_norm": 0.621436077170074,
    "buffer_size": 53000,
    "buffer_simple": 27000,
    "buffer_complex": 26000,
    "update_count": 205988,
    "avg_loss": 0.714854189157486,
    "reward_mean_simple": -0.20132550152225565,
    "reward_std_simple": 10.366210730907271,
    "reward_mean_complex": 1.4307096799642711,
    "reward_std_complex": 7.8394822448401875,
    "avg_noisy_sigma": 0.0019446142541710287
  },
  "metrics_tail": {
    "last_latency_ms": 208.56127919765737,
    "query": 1000,
    "cumulative_reward": -8110.96313137746,
    "sla_violations": 433,
    "cumulative_cost": 7.0807070204985285,
    "replica_count": 4,
    "budget_remaining": 52.91929297950151,
    "reward_wait_time": 0.0,
    "reward_unutilization": -0.04,
    "reward_queue_penalty": -0.856127919765739,
    "reward_invalid_action": 0.0,
    "invalid_action_taken": false,
    "assignment_success": true,
    "replica_changes": 10,
    "action_mask": [
      true,
      true,
      true
    ],
    "dynamic_tsla": 200.0,
    "dynamic_min_popularity": 0.8
  }
}