{
  "episode": 73,
  "best_avg10_reward": 138.52085114991092,
  "buffer": 74000,
  "network": {
    "mode": "rainbow",
    "policy_params": 160664,
    "policy_grad_norm": 0.7414087476208806,
    "buffer_size": 74000,
    "update_count": 72499,
    "avg_loss": 0.15372026577591896,
    "reward_mean_simple": 1.8026588425661672,
    "reward_std_simple": 6.124844716061302,
    "reward_mean_complex": -3.555461095427433,
    "reward_std_complex": 6.527590449329454,
    "avg_noisy_sigma": 0.03479434922337532
  },
  "metrics_tail": {
    "last_latency_ms": 237.23057251225742,
    "query": 1000,
    "cumulative_reward": -2170.994067902802,
    "sla_violations": 310,
    "cumulative_cost": 18.450667108082968,
    "replica_count": 12,
    "budget_remaining": 41.54933289191701,
    "reward_wait_time": 4.069235687193564,
    "reward_unutilization": -0.12,
    "reward_queue_penalty": -0.0,
    "reward_invalid_action": 0.0,
    "invalid_action_taken": false,
    "assignment_success": true,
    "replica_changes": 12,
    "action_mask": [
      true,
      false,
      true
    ],
    "dynamic_tsla": 400.0,
    "dynamic_min_popularity": 0.9
  }
}