{
  "episode": 25,
  "best_avg10_reward": -8264.215262205838,
  "buffer": 38000,
  "network": {
    "mode": "rainbow",
    "policy_params": 77592,
    "policy_grad_norm": 0.2162533430964686,
    "buffer_size": 38000,
    "buffer_simple": 19000,
    "buffer_complex": 19000,
    "update_count": 145988,
    "avg_loss": 0.48689540967345235,
    "reward_mean_simple": -6.570035375194244,
    "reward_std_simple": 8.867064696652646,
    "reward_mean_complex": -13.376611146001471,
    "reward_std_complex": 5.3748141991094975,
    "avg_noisy_sigma": 0.012234780937433243
  },
  "metrics_tail": {
    "last_latency_ms": 491.57565679293856,
    "query": 1000,
    "cumulative_reward": -13089.88182885914,
    "sla_violations": 1000,
    "cumulative_cost": 30.125082145189705,
    "replica_count": 0,
    "budget_remaining": 29.874917854810242,
    "reward_wait_time": 0.0,
    "reward_unutilization": -0.0,
    "reward_queue_penalty": -17.813512060995276,
    "reward_invalid_action": 0.0,
    "invalid_action_taken": false,
    "assignment_success": true,
    "replica_changes": 0,
    "action_mask": [
      true,
      true,
      false
    ],
    "dynamic_tsla": 260.0,
    "dynamic_min_popularity": 1.0
  }
}