{
  "episode": 29,
  "best_avg10_reward": 6292.606982988658,
  "buffer": 30000,
  "network": {
    "mode": "rainbow",
    "policy_params": 77208,
    "policy_grad_norm": 0.3019440898206085,
    "buffer_size": 30000,
    "update_count": 28499,
    "avg_loss": 0.14604215199127793,
    "reward_mean": 5.721668417873525,
    "reward_std": 2.3568803089043064,
    "avg_noisy_sigma": 0.05691719241440296
  },
  "metrics_tail": {
    "last_latency_ms": 63.20641433708656,
    "query": 1000,
    "cumulative_reward": 6325.715473850227,
    "sla_violations": 45,
    "cumulative_cost": 3.82581777312592,
    "replica_count": 6,
    "budget_remaining": 56.17418222687413,
    "reward_wait_time": 6.8396792831456725,
    "reward_unutilization": -0.06,
    "reward_queue_penalty": -0.0,
    "reward_invalid_action": 0.0,
    "invalid_action_taken": false,
    "assignment_success": true,
    "replica_changes": 6,
    "action_mask": [
      true,
      false,
      true
    ],
    "dynamic_tsla": 200.0,
    "dynamic_min_popularity": 0.3,
    "replication_state": "BALANCED"
  }
}