{
  "episode": 19,
  "best_avg10_reward": 4881.5422090752745,
  "buffer": 20000,
  "network": {
    "mode": "rainbow",
    "policy_params": 160664,
    "policy_grad_norm": 0.5224722342099994,
    "buffer_size": 20000,
    "update_count": 18499,
    "avg_loss": 0.294460473805666,
    "reward_mean_simple": 5.094854133434016,
    "reward_std_simple": 3.650419907270463,
    "reward_mean_complex": 3.247347251760822,
    "reward_std_complex": 3.6004542160448505,
    "avg_noisy_sigma": 0.04661483131349087
  },
  "metrics_tail": {
    "last_latency_ms": 174.6136187391975,
    "query": 1000,
    "cumulative_reward": 4196.868827504541,
    "sla_violations": 107,
    "cumulative_cost": 14.035748161097823,
    "replica_count": 10,
    "budget_remaining": 45.964251838902136,
    "reward_wait_time": 5.634659531520063,
    "reward_unutilization": -0.1,
    "reward_queue_penalty": -0.0,
    "reward_invalid_action": 0.0,
    "invalid_action_taken": false,
    "assignment_success": true,
    "replica_changes": 10,
    "action_mask": [
      true,
      true,
      true
    ],
    "dynamic_tsla": 400.0,
    "dynamic_min_popularity": 1.0
  }
}