{
  "episode": 22,
  "best_avg10_reward": -8160.555735866574,
  "buffer": 23000,
  "network": {
    "mode": "rainbow",
    "policy_params": 160664,
    "policy_grad_norm": 0.5835668410873041,
    "buffer_size": 23000,
    "buffer_simple": 12000,
    "buffer_complex": 11000,
    "update_count": 42994,
    "avg_loss": 0.5262911580502987,
    "reward_mean_simple": -6.003428938804647,
    "reward_std_simple": 7.788944790994209,
    "reward_mean_complex": -11.21835541524168,
    "reward_std_complex": 5.842163278549926,
    "avg_noisy_sigma": 0.026951004285365343
  },
  "metrics_tail": {
    "last_latency_ms": 77.52011203086258,
    "query": 1000,
    "cumulative_reward": -3579.3785809857277,
    "sla_violations": 362,
    "cumulative_cost": 6.8609068328268785,
    "replica_count": 6,
    "budget_remaining": 53.13909316717306,
    "reward_wait_time": 5.693327109396523,
    "reward_unutilization": -0.06,
    "reward_queue_penalty": -0.0,
    "reward_invalid_action": 0.0,
    "invalid_action_taken": false,
    "assignment_success": true,
    "replica_changes": 6,
    "action_mask": [
      true,
      false,
      true
    ],
    "dynamic_tsla": 180.0,
    "dynamic_min_popularity": 1.0
  }
}