{
  "episode": 49,
  "best_avg10_reward": -4560.553212086454,
  "epsilon": 0.951229424500715,
  "buffer": 50000,
  "network": {
    "policy_params": 9092,
    "policy_grad_norm": 1.651513022603467,
    "buffer_size": 50000,
    "avg_loss": 0.08957666336093098,
    "reward_mean": -1.5447161579861042,
    "reward_std": 1.3765463238231423
  },
  "metrics_tail": {
    "last_latency_ms": 44.740411063751424,
    "query": 3000,
    "cumulative_reward": -4300.613315040242,
    "sla_violations": 5,
    "cumulative_cost": 45.95386100690796,
    "replica_count": 6,
    "budget_remaining": 14.046138993091928,
    "reward_wait_time": 7.762979446812429,
    "reward_unutilization": -0.30000000000000004,
    "reward_queue_penalty": -0.0,
    "reward_invalid_action": 0.0,
    "invalid_action_taken": false,
    "assignment_success": true,
    "replica_changes": 6,
    "action_mask": [
      true,
      false,
      true
    ]
  }
}