{
  "episode": 266,
  "best_avg10_reward": -4995.128156586293,
  "buffer": 100000,
  "network": {
    "mode": "rainbow",
    "policy_params": 77592,
    "policy_grad_norm": 0.43442466581473127,
    "buffer_size": 100000,
    "buffer_simple": 50000,
    "buffer_complex": 50000,
    "update_count": 1093988,
    "avg_loss": 0.5114309802651406,
    "reward_mean_simple": -4.121436716448042,
    "reward_std_simple": 9.5023749917614,
    "reward_mean_complex": -9.355538808030401,
    "reward_std_complex": 6.9530757376073264,
    "avg_noisy_sigma": 0.00011755546711356146
  },
  "metrics_tail": {
    "last_latency_ms": 66.15377693222902,
    "query": 1000,
    "cumulative_reward": -3321.2196449517382,
    "sla_violations": 613,
    "cumulative_cost": 7.929035084110013,
    "replica_count": 6,
    "budget_remaining": 52.070964915890094,
    "reward_wait_time": 10.0,
    "reward_unutilization": -0.06,
    "reward_queue_penalty": -0.0,
    "reward_invalid_action": 0.0,
    "invalid_action_taken": false,
    "assignment_success": true,
    "replica_changes": 8,
    "action_mask": [
      true,
      false,
      true
    ],
    "dynamic_tsla": 180.0,
    "dynamic_min_popularity": 0.6000000000000001
  }
}