{
  "episode": 14,
  "best_avg10_reward": -8435.160269545904,
  "buffer": 15000,
  "network": {
    "mode": "rainbow",
    "policy_params": 161176,
    "policy_grad_norm": 0.4594184996676631,
    "buffer_size": 15000,
    "buffer_simple": 8000,
    "buffer_complex": 7000,
    "update_count": 26994,
    "avg_loss": 0.6617482405900955,
    "reward_mean_simple": -6.243302488799575,
    "reward_std_simple": 7.4133629959407115,
    "reward_mean_complex": -11.186313560794627,
    "reward_std_complex": 7.56367063733815,
    "avg_noisy_sigma": 0.02873072074726224
  },
  "metrics_tail": {
    "last_latency_ms": 196.10174368357198,
    "query": 1000,
    "cumulative_reward": -6299.438094638922,
    "sla_violations": 615,
    "cumulative_cost": 8.404965933075202,
    "replica_count": 6,
    "budget_remaining": 51.595034066924825,
    "reward_wait_time": 0.0,
    "reward_unutilization": -0.06,
    "reward_queue_penalty": -4.5127179604464995,
    "reward_invalid_action": 0.0,
    "invalid_action_taken": false,
    "assignment_success": true,
    "replica_changes": 6,
    "action_mask": [
      true,
      false,
      true
    ],
    "dynamic_tsla": 160.0,
    "dynamic_min_popularity": 0.7000000000000001
  }
}