{
  "episode": 29,
  "best_avg10_reward": -4858.149795589144,
  "buffer": 30000,
  "network": {
    "mode": "rainbow",
    "policy_params": 160664,
    "policy_grad_norm": 0.03872866417077603,
    "buffer_size": 30000,
    "update_count": 28497,
    "avg_loss": 0.46739461943507193,
    "reward_mean_simple": -4.349587545457652,
    "reward_std_simple": 7.099360851709258,
    "reward_mean_complex": -8.43173721594895,
    "reward_std_complex": 8.097500189775227,
    "avg_noisy_sigma": 0.04897240176796913
  },
  "metrics_tail": {
    "last_latency_ms": 408.1298038166542,
    "query": 1000,
    "cumulative_reward": -6253.679170424846,
    "sla_violations": 506,
    "cumulative_cost": 23.885342560843444,
    "replica_count": 12,
    "budget_remaining": 36.114657439156574,
    "reward_wait_time": 0.0,
    "reward_unutilization": -0.12,
    "reward_queue_penalty": -5.508112738540887,
    "reward_invalid_action": 0.0,
    "invalid_action_taken": false,
    "assignment_success": true,
    "replica_changes": 12,
    "action_mask": [
      true,
      false,
      true
    ],
    "dynamic_tsla": 320.0,
    "dynamic_min_popularity": 0.9
  }
}