{
  "episode": 29,
  "best_avg10_reward": -747.2874827521953,
  "buffer": 30000,
  "network": {
    "mode": "rainbow",
    "policy_params": 160664,
    "policy_grad_norm": 0.0856420416967012,
    "buffer_size": 30000,
    "update_count": 28497,
    "avg_loss": 0.38814596228301523,
    "reward_mean_simple": -0.4935884892068174,
    "reward_std_simple": 7.589275633427745,
    "reward_mean_complex": -4.751836841493894,
    "reward_std_complex": 7.322148694020035,
    "avg_noisy_sigma": 0.05059208907186985
  },
  "metrics_tail": {
    "last_latency_ms": 408.4600443171603,
    "query": 1000,
    "cumulative_reward": -2934.6598296882366,
    "sla_violations": 362,
    "cumulative_cost": 20.382542560843476,
    "replica_count": 12,
    "budget_remaining": 39.61745743915663,
    "reward_wait_time": 0.0,
    "reward_unutilization": -0.12,
    "reward_queue_penalty": -5.528752769822516,
    "reward_invalid_action": 0.0,
    "invalid_action_taken": false,
    "assignment_success": true,
    "replica_changes": 12,
    "action_mask": [
      true,
      false,
      true
    ],
    "dynamic_tsla": 320.0,
    "dynamic_min_popularity": 1.0
  }
}