{
  "episode": 263,
  "best_avg10_reward": -3047.0831042998598,
  "buffer": 100000,
  "network": {
    "mode": "rainbow",
    "policy_params": 160664,
    "policy_grad_norm": 1.1083298358134925,
    "buffer_size": 100000,
    "buffer_simple": 50000,
    "buffer_complex": 50000,
    "update_count": 262497,
    "avg_loss": 0.6559130230545998,
    "reward_mean_simple": -2.9459710735003326,
    "reward_std_simple": 6.035291225008952,
    "reward_mean_complex": -5.892259407684169,
    "reward_std_complex": 4.663850669865412,
    "avg_noisy_sigma": 0.002115775627316907
  },
  "metrics_tail": {
    "last_latency_ms": 382.165951773787,
    "query": 1000,
    "cumulative_reward": -4740.000286631556,
    "sla_violations": 507,
    "cumulative_cost": 24.73941660300613,
    "replica_count": 12,
    "budget_remaining": 35.26058339699394,
    "reward_wait_time": 0.4458512056553243,
    "reward_unutilization": -0.12,
    "reward_queue_penalty": -0.0,
    "reward_invalid_action": 0.0,
    "invalid_action_taken": false,
    "assignment_success": true,
    "replica_changes": 12,
    "action_mask": [
      true,
      false,
      true
    ],
    "dynamic_tsla": 400.0,
    "dynamic_min_popularity": 1.0
  }
}