{
  "episode": 15,
  "best_avg10_reward": 2789.429487198437,
  "buffer": 16000,
  "network": {
    "mode": "rainbow",
    "policy_params": 160664,
    "policy_grad_norm": 0.5262848711572587,
    "buffer_size": 16000,
    "update_count": 14499,
    "avg_loss": 0.36099540919065476,
    "reward_mean_simple": 3.792751640600726,
    "reward_std_simple": 2.940208686857484,
    "reward_mean_complex": 1.1954224856669868,
    "reward_std_complex": 3.0517079998767276,
    "avg_noisy_sigma": 0.0498345447704196
  },
  "metrics_tail": {
    "last_latency_ms": 234.66355710496825,
    "query": 1000,
    "cumulative_reward": 1843.7464322884455,
    "sla_violations": 183,
    "cumulative_cost": 15.570556644957904,
    "replica_count": 6,
    "budget_remaining": 44.42944335504211,
    "reward_wait_time": 3.4815678581953255,
    "reward_unutilization": -0.06,
    "reward_queue_penalty": -0.0,
    "reward_invalid_action": 0.0,
    "invalid_action_taken": false,
    "assignment_success": true,
    "replica_changes": 6,
    "action_mask": [
      true,
      true,
      true
    ],
    "dynamic_tsla": 359.99999999999994,
    "dynamic_min_popularity": 0.8
  }
}