{
  "episode": 929,
  "best_avg10_reward": -12217.222332060772,
  "epsilon": 0.8233,
  "states_explored": 243,
  "metrics_tail": {
    "last_latency_ms": 44.797110807132604,
    "query": 3000,
    "cumulative_reward": -12882.119980183494,
    "sla_violations": 28,
    "cumulative_cost": 64.00681851064861,
    "replica_count": 3,
    "budget_remaining": 1935.9931814893519,
    "reward_wait_time": 7.76014445964337,
    "reward_unutilization": -0.15000000000000002,
    "reward_queue_penalty": -0.0,
    "reward_invalid_action": 0.0,
    "invalid_action_taken": false,
    "assignment_success": true,
    "replica_changes": 3,
    "action_mask": [
      true,
      true,
      true
    ]
  }
}