{
  "episode": 29,
  "best_avg10_reward": 2297.66220309366,
  "buffer": 30000,
  "network": {
    "mode": "rainbow",
    "policy_params": 160664,
    "policy_grad_norm": 0.48408656381070614,
    "buffer_size": 30000,
    "update_count": 28499,
    "avg_loss": 0.3016459985077381,
    "reward_mean_simple": 2.885485391632722,
    "reward_std_simple": 2.8971908167293607,
    "reward_mean_complex": 0.9848336485021081,
    "reward_std_complex": 2.513253583199253,
    "avg_noisy_sigma": 0.04577058460563421
  },
  "metrics_tail": {
    "last_latency_ms": 257.55920435946354,
    "query": 1000,
    "cumulative_reward": 1843.0833079634087,
    "sla_violations": 154,
    "cumulative_cost": 14.993792560843453,
    "replica_count": 5,
    "budget_remaining": 45.00620743915655,
    "reward_wait_time": 2.8455776566815674,
    "reward_unutilization": -0.05,
    "reward_queue_penalty": -0.0,
    "reward_invalid_action": 0.0,
    "invalid_action_taken": false,
    "assignment_success": true,
    "replica_changes": 5,
    "action_mask": [
      true,
      true,
      true
    ],
    "dynamic_tsla": 359.99999999999994,
    "dynamic_min_popularity": 0.8
  }
}