{
  "episode": 19,
  "best_avg10_reward": 5565.42853693674,
  "epsilon": 0.6676079717550942,
  "states_explored": 243,
  "metrics_tail": {
    "query": 1000,
    "cumulative_reward": 5922.255331429382
  }
}