{
  "episode": 23,
  "best_avg10_reward": 3286.801502667985,
  "buffer": 24000,
  "network": {
    "mode": "rainbow",
    "policy_params": 160664,
    "policy_grad_norm": 0.34557476337067783,
    "buffer_size": 24000,
    "update_count": 22499,
    "avg_loss": 0.37730924628674983,
    "reward_mean_simple": 4.1471462819345115,
    "reward_std_simple": 2.9890776752135633,
    "reward_mean_complex": 1.9861763457006798,
    "reward_std_complex": 2.8636174093567472,
    "avg_noisy_sigma": 0.04750612936913967
  },
  "metrics_tail": {
    "last_latency_ms": 169.1241735365519,
    "query": 1000,
    "cumulative_reward": 2384.6688154009316,
    "sla_violations": 153,
    "cumulative_cost": 14.965821803503045,
    "replica_count": 5,
    "budget_remaining": 45.03417819649689,
    "reward_wait_time": 2.953159435977004,
    "reward_unutilization": -0.05,
    "reward_queue_penalty": -0.0,
    "reward_invalid_action": 0.0,
    "invalid_action_taken": false,
    "assignment_success": true,
    "replica_changes": 5,
    "action_mask": [
      true,
      true,
      true
    ],
    "dynamic_tsla": 240.0,
    "dynamic_min_popularity": 0.0
  }
}