{
  "episode": 98,
  "best_avg10_reward": 3562.32902710033,
  "buffer": 99000,
  "network": {
    "mode": "rainbow",
    "policy_params": 160664,
    "policy_grad_norm": 0.20937265129759908,
    "buffer_size": 99000,
    "update_count": 97499,
    "avg_loss": 0.12314093634486198,
    "reward_mean_simple": 4.542366196797898,
    "reward_std_simple": 2.804863408832757,
    "reward_mean_complex": 1.0927802010152647,
    "reward_std_complex": 2.5221505648109397,
    "avg_noisy_sigma": 0.03197728144004941
  },
  "metrics_tail": {
    "last_latency_ms": 70.0665016000014,
    "query": 1000,
    "cumulative_reward": 5911.873869809972,
    "sla_violations": 40,
    "cumulative_cost": 3.7376142783400037,
    "replica_count": 3,
    "budget_remaining": 56.262385721660095,
    "reward_wait_time": 6.496674919999929,
    "reward_unutilization": -0.03,
    "reward_queue_penalty": -0.0,
    "reward_invalid_action": 0.0,
    "invalid_action_taken": false,
    "assignment_success": true,
    "replica_changes": 3,
    "action_mask": [
      true,
      true,
      true
    ],
    "dynamic_tsla": 200.0,
    "dynamic_min_popularity": 1.0
  }
}