{
  "episode": 28,
  "best_avg10_reward": 365.14724969484024,
  "buffer": 29000,
  "network": {
    "mode": "rainbow",
    "policy_params": 160664,
    "policy_grad_norm": 1.6822968586347997,
    "buffer_size": 29000,
    "update_count": 27499,
    "avg_loss": 0.35474652037024496,
    "reward_mean_simple": 1.6322726291512955,
    "reward_std_simple": 6.644755765399946,
    "reward_mean_complex": -3.143383902880032,
    "reward_std_complex": 5.509212540496073,
    "avg_noisy_sigma": 0.04538803733885288
  },
  "metrics_tail": {
    "last_latency_ms": 77.40820675726647,
    "query": 1000,
    "cumulative_reward": 2846.3095987561737,
    "sla_violations": 230,
    "cumulative_cost": 5.293219950668762,
    "replica_count": 6,
    "budget_remaining": 54.706780049331215,
    "reward_wait_time": 6.129589662136676,
    "reward_unutilization": -0.06,
    "reward_queue_penalty": -0.0,
    "reward_invalid_action": 0.0,
    "invalid_action_taken": false,
    "assignment_success": true,
    "replica_changes": 6,
    "action_mask": [
      true,
      false,
      true
    ],
    "dynamic_tsla": 200.0,
    "dynamic_min_popularity": 1.0
  }
}