{
  "episode": 39,
  "best_avg10_reward": 5650.468208558195,
  "buffer": 40000,
  "network": {
    "mode": "rainbow",
    "policy_params": 160664,
    "policy_grad_norm": 0.35592962079681456,
    "buffer_size": 40000,
    "update_count": 38499,
    "avg_loss": 0.1762247196212411,
    "reward_mean_simple": 6.182252983553131,
    "reward_std_simple": 2.1309495310234046,
    "reward_mean_complex": 4.812016266545186,
    "reward_std_complex": 2.2188654431424184,
    "avg_noisy_sigma": 0.04412481840699911
  },
  "metrics_tail": {
    "last_latency_ms": 146.77628826480185,
    "query": 1000,
    "cumulative_reward": 4948.649662148579,
    "sla_violations": 63,
    "cumulative_cost": 13.25124732966715,
    "replica_count": 5,
    "budget_remaining": 46.748752670332884,
    "reward_wait_time": 6.330592793379955,
    "reward_unutilization": -0.05,
    "reward_queue_penalty": -0.0,
    "reward_invalid_action": 0.0,
    "invalid_action_taken": false,
    "assignment_success": true,
    "replica_changes": 5,
    "action_mask": [
      true,
      true,
      true
    ],
    "dynamic_tsla": 400.0,
    "dynamic_min_popularity": 0.3,
    "replication_state": "BALANCED"
  }
}