{
  "episode": 26,
  "best_avg10_reward": -5913.33202975045,
  "buffer": 39000,
  "network": {
    "mode": "rainbow",
    "policy_params": 77592,
    "policy_grad_norm": 0.11377298334264196,
    "buffer_size": 39000,
    "buffer_simple": 20000,
    "buffer_complex": 19000,
    "update_count": 149988,
    "avg_loss": 0.488218397051096,
    "reward_mean_simple": -3.0439297161060295,
    "reward_std_simple": 9.885024381548705,
    "reward_mean_complex": -10.879441867854165,
    "reward_std_complex": 8.424819004150333,
    "avg_noisy_sigma": 0.012703090207651258
  },
  "metrics_tail": {
    "last_latency_ms": 196.1374258558868,
    "query": 1000,
    "cumulative_reward": -6870.431314069883,
    "sla_violations": 751,
    "cumulative_cost": 8.528930722838094,
    "replica_count": 6,
    "budget_remaining": 51.47106927716182,
    "reward_wait_time": 0.0,
    "reward_unutilization": -0.06,
    "reward_queue_penalty": -0.6460448269354524,
    "reward_invalid_action": 0.0,
    "invalid_action_taken": false,
    "assignment_success": true,
    "replica_changes": 8,
    "action_mask": [
      true,
      false,
      true
    ],
    "dynamic_tsla": 190.0,
    "dynamic_min_popularity": 0.5
  }
}