{
  "episode": 19,
  "best_avg10_reward": 4218.411354000585,
  "epsilon": 0.9801986733067557,
  "buffer": 20000,
  "network": {
    "policy_params": 9092,
    "policy_grad_norm": 1.9067336111766053,
    "buffer_size": 20000,
    "avg_loss": 9.577930700182915
  },
  "metrics_tail": {
    "query": 1000,
    "cumulative_reward": 4363.707997305754
  }
}