episode,reward,avg10,epsilon,states_explored,sla_violations,cumulative_cost,replica_count,budget_remaining,reward_wait_time,reward_unutilization,reward_queue_penalty,reward_invalid_action,dynamic_tsla,dynamic_min_popularity
0,2950.05241471789,2950.05241471789,0.99981,1458,140,4.561728924151366,6,55.438271075848746,4.654883262129862,-0.06,-0.0,0.0,120.0,0.0
1,977.0959611072536,1963.5741879125717,0.99962,1458,159,15.111061950589253,12,44.888938049410775,3.0979677971999675,-0.12,-0.0,0.0,240.0,0.0
