{
  "episode": 111,
  "best_avg10_reward": -13280.615641079849,
  "epsilon": 0.8940442575003603,
  "buffer": 50000,
  "network": {
    "policy_params": 9092,
    "policy_grad_norm": 1.7157062084879726,
    "buffer_size": 50000,
    "avg_loss": 0.5131491492688656,
    "reward_mean": -4.771609980284828,
    "reward_std": 3.577697884217116
  },
  "metrics_tail": {
    "last_latency_ms": 44.76943222509176,
    "query": 3000,
    "cumulative_reward": -13507.952536243736,
    "sla_violations": 24,
    "cumulative_cost": 64.00108352286072,
    "replica_count": 3,
    "budget_remaining": 1935.9989164771373,
    "reward_wait_time": 7.761528388745412,
    "reward_unutilization": -0.15000000000000002,
    "reward_queue_penalty": -0.0,
    "reward_invalid_action": 0.0,
    "invalid_action_taken": false,
    "assignment_success": true,
    "replica_changes": 3,
    "action_mask": [
      true,
      true,
      true
    ]
  }
}